<?xml version="1.0"?>
<scpd xmlns="urn:schemas-upnp-org:service-1-0">
  <specVersion>
    <major>1</major>
    <minor>0</minor>
  </specVersion>
  <actionList>
   <action>
      <name>MagicOn</name>
    </action>
  </actionList>
  <serviceStateTable>
    <stateVariable>
      <name>OSMajorVersion</name>
      <dataType>i4</dataType>
    </stateVariable>
    <stateVariable>
      <name>OSMinorVersion</name>
      <dataType>i4</dataType>
    </stateVariable>
    <stateVariable>
      <name>OSBuildNumber</name>
      <dataType>i4</dataType>
    </stateVariable>
    <stateVariable>
      <name>OSMachineName</name>
      <dataType>string</dataType>
    </stateVariable>
  </serviceStateTable>
</scpd>
















