<?xml version="1.0"?>
<scpd xmlns="urn:schemas-upnp-org:service-1-0">
	<specVersion>
		<major>1</major>
		<minor>0</minor>
	</specVersion>
	<actionList>
    <action>
    <name>GetISPInfo</name>
      <argumentList>
        <argument>
          <name>NewISPPhoneNumber</name>
          <direction>out</direction>
          <relatedStateVariable>ISPPhoneNumber</relatedStateVariable>
        </argument>
        <argument>
          <name>NewISPInfo</name>
          <direction>out</direction>
          <relatedStateVariable>ISPInfo</relatedStateVariable>
        </argument>
        <argument>
          <name>NewLinkType</name>
          <direction>out</direction>
          <relatedStateVariable>LinkType</relatedStateVariable>
        </argument>
      </argumentList>
    </action>
    <action>
    <name>GetCallRetryInfo</name>
      <argumentList>
        <argument>
          <name>NewNumberOfRetries</name>
          <direction>out</direction>
          <relatedStateVariable>NumberOfRetries</relatedStateVariable>
        </argument>
        <argument>
          <name>NewDelayBetweenRetries</name>
          <direction>out</direction>
        <relatedStateVariable>DelayBetweenRetries</relatedStateVariable>
        </argument>
      </argumentList>
    </action>
	</actionList>
	<serviceStateTable>
		<stateVariable sendEvents="no">
			<name>ISPPhoneNumber</name>
			<dataType>string</dataType>
		</stateVariable>
    <stateVariable sendEvents="no">
      <name>ISPInfo</name>
      <dataType>string</dataType>
    </stateVariable>
    <stateVariable sendEvents="no">
      <name>LinkType</name>
      <dataType>string</dataType>
      <allowedValueList>
        <allowedValue>PPP_Dialup</allowedValue>                                                                                                                                     
      </allowedValueList>
    </stateVariable>
    <stateVariable sendEvents="no">
      <name>NumberOfRetries</name>
      <dataType>ui4</dataType>
      <defaultValue>5</defaultValue>
      <allowedValueRange>
        <minimum>0</minimum>
        <maximum></maximum>
        <step>0</step>
      </allowedValueRange>
    </stateVariable>
    <stateVariable sendEvents="no">
      <name>DelayBetweenRetries</name>
      <dataType>ui4</dataType>
      <defaultValue>10</defaultValue>
      <allowedValueRange>
        <minimum>0</minimum>
        <maximum></maximum>
        <step>1</step>
      </allowedValueRange>
    </stateVariable>
	</serviceStateTable>
</scpd>

